Name,Age,Gender,Education,Monthly Income
Aishwarya Dhole,47,Female,Some college/Associates degree,16321
Snehal More,45,Female,PhD or equivalent,57755
Rohit Chavan,55,Male,PhD or equivalent,18463
Nikhil Shinde,37,Male,High school or less,36237
Anjali Phadke,50,Female,Some college/Associates degree,64124
Akshay Salunke,21,Male,Masters degree,32264
Anjali Joshi,37,Female,PhD or equivalent,38402
Vaishnavi Phadke,23,Female,Bachelors degree,23377
Vaishnavi Bhosale,60,Female,Some college/Associates degree,69516
Pranav Nayak,38,Male,PhD or equivalent,50394
Pooja Dhole,37,Female,PhD or equivalent,57416
Manisha Bhosale,42,Female,Bachelors degree,16470
Swapnil Bhosale,55,Male,Some college/Associates degree,58972
Mahesh Kadam,54,Male,Bachelors degree,28999
Vaishnavi Phadke,42,Female,High school or less,42649
Kiran Patil,55,Male,PhD or equivalent,21684
Arjun Bhise,53,Male,Masters degree,35741
Aishwarya Bhosale,44,Female,Masters degree,17627
Kiran Pawar,43,Male,Some college/Associates degree,29130
Gaurav Chavan,29,Male,Some college/Associates degree,53897
Rohit Jadhav,34,Male,High school or less,65345
Vaishnavi Deshmukh,40,Female,PhD or equivalent,34288
Vaishnavi Gokhale,28,Female,Masters degree,20416
Snehal Salunke,49,Female,Bachelors degree,32133
Vaishnavi Jadhav,30,Female,High school or less,45957
Chaitanya Jadhav,46,Male,High school or less,46728
Arjun Phadke,20,Male,Bachelors degree,47115
Gaurav Gokhale,45,Male,Masters degree,15465
Manisha Shinde,20,Female,High school or less,59200
Harshada Deshmukh,31,Female,High school or less,31307
Pooja Thorat,56,Female,Masters degree,58780
Harshada Gokhale,49,Female,High school or less,28645
Snehal Sawant,58,Female,PhD or equivalent,42739
Aishwarya Chavan,25,Female,PhD or equivalent,18653
Akshay Bhosale,28,Male,Bachelors degree,42386
Mahesh Dhole,54,Male,High school or less,68276
Kiran Kadam,22,Male,Some college/Associates degree,61920
Akshay Nayak,22,Male,PhD or equivalent,24522
Dipti Gokhale,54,Female,Some college/Associates degree,59055
Swapnil Shinde,54,Male,Some college/Associates degree,55538
Harshada Sawant,31,Female,Masters degree,65371
Swapnil Dhole,28,Male,High school or less,34450
Manisha Bhosale,52,Female,Masters degree,49933
Aishwarya Bhosale,53,Female,Masters degree,40718
Vaishnavi Pawar,25,Female,High school or less,21269
Swapnil Bhosale,41,Male,Masters degree,20485
Chaitanya Bhosale,46,Male,PhD or equivalent,42885
Nikhil Bhise,49,Male,Masters degree,37419
Anjali Thorat,49,Female,High school or less,45667
Manisha Chavan,50,Female,Masters degree,41989
Swapnil Shinde,27,Male,Masters degree,15310
Nikhil Nayak,28,Male,Masters degree,19741
Swapnil Deshmukh,47,Male,PhD or equivalent,54982
Pooja Sawant,42,Female,PhD or equivalent,38278
Chaitanya Phadke,25,Male,High school or less,49369
Ashwini Bhise,25,Female,PhD or equivalent,21838
Chaitanya Chavan,24,Male,PhD or equivalent,52034
Aishwarya Bhise,48,Female,PhD or equivalent,34517
Pranav Dharmadhikari,49,Male,PhD or equivalent,45648
Aditya Deshmukh,44,Male,High school or less,61983
Vaishnavi More,56,Female,Masters degree,18771
Akshay Phadke,55,Male,Some college/Associates degree,43952
Manisha Dharmadhikari,57,Female,PhD or equivalent,47300
Kiran Jadhav,38,Male,Masters degree,62031
Manisha Dharmadhikari,51,Female,Some college/Associates degree,66062
Mahesh More,49,Male,Bachelors degree,43811
Aishwarya Gokhale,29,Female,PhD or equivalent,25304
Gaurav Nayak,48,Male,Masters degree,60079
Pranav Thorat,28,Male,Bachelors degree,17523
Aditya Thorat,37,Male,PhD or equivalent,30109
Pooja Bhosale,34,Female,Some college/Associates degree,20115
Swapnil Bhise,44,Male,Bachelors degree,46586
Pranav Deshmukh,41,Male,PhD or equivalent,60606
Manisha Joshi,49,Female,Bachelors degree,32675
Manisha Patil,48,Female,PhD or equivalent,33714
Harshada Jadhav,40,Female,Bachelors degree,61844
Snehal Salunke,40,Female,PhD or equivalent,36374
Mahesh Dhole,31,Male,Some college/Associates degree,59270
Swapnil Kulkarni,30,Male,High school or less,61010
Snehal Gokhale,44,Female,Masters degree,53864
Nikhil Chavan,26,Male,Bachelors degree,51377
Nikhil Patil,25,Male,Bachelors degree,25541
Mahesh Bhosale,46,Male,Some college/Associates degree,55686
Mahesh Pawar,60,Male,Masters degree,18750
Harshada Pawar,24,Female,PhD or equivalent,23785
Manisha Pawar,29,Female,High school or less,65133
Vaishnavi Chavan,36,Female,Masters degree,68500
Harshada Kadam,20,Female,PhD or equivalent,32570
Swapnil Joshi,22,Male,Masters degree,43979
Harshada Pawar,43,Female,Masters degree,25852
Snehal Dhole,49,Female,Masters degree,69647
Aditya Bhise,45,Male,Some college/Associates degree,32723
Rohit Sawant,46,Male,Masters degree,37655
Vaishnavi Gokhale,28,Female,Some college/Associates degree,65542
Snehal Jadhav,21,Female,Bachelors degree,64924
Pranav Jadhav,36,Male,Masters degree,32993
Aditya More,45,Male,PhD or equivalent,37234
Ashwini Deshmukh,28,Female,Masters degree,20195
Anjali Nayak,25,Female,Some college/Associates degree,49198
Aditya Deshmukh,33,Male,High school or less,57652
Pranav Jadhav,39,Male,PhD or equivalent,58153
Anjali Gokhale,37,Female,Masters degree,67117
Pranav Deshmukh,56,Male,Bachelors degree,35518
Kiran Phadke,59,Male,High school or less,57824
Arjun Gokhale,23,Male,PhD or equivalent,30170
Ashwini Deshmukh,20,Female,Bachelors degree,29354
Pooja Bhise,33,Female,Some college/Associates degree,65010
Swapnil Salunke,56,Male,Bachelors degree,39250
Gaurav Nayak,21,Male,Masters degree,46015
Nikhil Bhise,23,Male,High school or less,61775
Harshada Nayak,47,Female,Bachelors degree,40643
Gaurav Thorat,59,Male,Bachelors degree,42303
Swapnil Sawant,21,Male,Some college/Associates degree,61139
Pranav More,37,Male,Bachelors degree,53897
Swapnil Kadam,51,Male,PhD or equivalent,48542
Swapnil Bhise,55,Male,Some college/Associates degree,62492
Anjali Pawar,25,Female,PhD or equivalent,15597
Anjali Patil,38,Female,Bachelors degree,61753
Dipti Pawar,28,Female,PhD or equivalent,69088
Manisha More,28,Female,High school or less,41934
Manisha Shinde,28,Female,Bachelors degree,53752
Chaitanya Kadam,29,Male,High school or less,17801
Akshay More,44,Male,Some college/Associates degree,32991
Vaishnavi Pawar,58,Female,Masters degree,47737
Nikhil Pawar,27,Male,High school or less,58488
Manisha Dhole,32,Female,PhD or equivalent,41717
Akshay Deshmukh,37,Male,Some college/Associates degree,67954
Akshay Bhise,40,Male,Some college/Associates degree,52314
Snehal Shinde,34,Female,Masters degree,34987
Ashwini Gokhale,46,Female,High school or less,41090
Aishwarya Thorat,52,Female,Bachelors degree,21539
Pranav Salunke,54,Male,Masters degree,32135
Snehal Deshmukh,58,Female,Masters degree,52966
Chaitanya Bhosale,58,Male,Masters degree,43873
Pranav Dharmadhikari,31,Male,Some college/Associates degree,33556
Vaishnavi Jadhav,48,Female,Masters degree,38192
Arjun Dharmadhikari,47,Male,Masters degree,69372
Arjun Nayak,53,Male,Masters degree,19100
Arjun Dhole,28,Male,High school or less,43699
Pooja Gokhale,26,Female,Bachelors degree,60528
Akshay Joshi,41,Male,Bachelors degree,34986
Chaitanya Kadam,47,Male,Some college/Associates degree,23763
Aishwarya More,27,Female,PhD or equivalent,29808
Swapnil Thorat,23,Male,Bachelors degree,19115
Aditya Pawar,31,Male,High school or less,65131
Vaishnavi Thorat,42,Female,Some college/Associates degree,18610
Anjali Dhole,21,Female,PhD or equivalent,42447
Mahesh Sawant,60,Male,High school or less,43225
Vaishnavi Phadke,57,Female,Some college/Associates degree,60291
Arjun Nayak,41,Male,PhD or equivalent,51732
Kiran Joshi,40,Male,High school or less,52675
Ashwini Salunke,22,Female,High school or less,22778
Gaurav More,58,Male,Bachelors degree,58721
Ashwini Deshmukh,38,Female,Bachelors degree,29947
Anjali Kulkarni,48,Female,Masters degree,66103
Pranav Chavan,59,Male,PhD or equivalent,34146
Vaishnavi Bhise,42,Female,Bachelors degree,32422
Arjun Deshmukh,55,Male,PhD or equivalent,51463
Anjali Jadhav,43,Female,High school or less,64286
Anjali More,37,Female,Masters degree,58646
Dipti Dharmadhikari,30,Female,Masters degree,56026
Ashwini Chavan,23,Female,Masters degree,36774
Gaurav Kulkarni,38,Male,Masters degree,28025
Ashwini Kulkarni,46,Female,High school or less,58901
Mahesh Kadam,29,Male,Some college/Associates degree,18344
Swapnil Nayak,22,Male,Some college/Associates degree,43949
Manisha Shinde,23,Female,Some college/Associates degree,62478
Dipti Pawar,55,Female,Bachelors degree,53712
Pooja Phadke,30,Female,Bachelors degree,26128
Snehal Salunke,30,Female,Masters degree,16340
Ashwini Kadam,20,Female,Bachelors degree,34808
Akshay Patil,56,Male,Bachelors degree,67597
Aishwarya Pawar,30,Female,Bachelors degree,68995
Anjali Kulkarni,35,Female,PhD or equivalent,59567
Manisha Bhosale,41,Female,High school or less,66569
Nikhil More,51,Male,PhD or equivalent,20192
Anjali Thorat,60,Female,Bachelors degree,23167
Pranav Kulkarni,33,Male,High school or less,60662
Aditya Chavan,43,Male,Bachelors degree,36672
Vaishnavi Bhosale,20,Female,Bachelors degree,24036
Ashwini More,27,Female,PhD or equivalent,30907
Chaitanya Chavan,20,Male,High school or less,51858
Akshay Kadam,33,Male,Masters degree,25452
Rohit Bhise,46,Male,PhD or equivalent,41964
Dipti Dharmadhikari,21,Female,Some college/Associates degree,32339
Harshada Chavan,49,Female,Bachelors degree,40802
Pooja Salunke,30,Female,PhD or equivalent,55633
Snehal More,52,Female,Masters degree,34355
Anjali Kadam,28,Female,PhD or equivalent,32405
Ashwini Joshi,49,Female,Some college/Associates degree,31736
Arjun Gokhale,50,Male,PhD or equivalent,15306
Ashwini More,40,Female,Bachelors degree,69735
Ashwini Chavan,27,Female,Some college/Associates degree,20619
Nikhil Phadke,47,Male,PhD or equivalent,53043
Rohit Bhosale,26,Male,High school or less,25777
Anjali Kulkarni,36,Female,Bachelors degree,67694
Harshada Dharmadhikari,49,Female,PhD or equivalent,35943
Arjun Phadke,46,Male,Bachelors degree,24208
Aishwarya Pawar,57,Female,Masters degree,53916
Chaitanya Pawar,43,Male,PhD or equivalent,23693
Swapnil Pawar,26,Male,Some college/Associates degree,31867
Arjun Dharmadhikari,43,Male,High school or less,29755
Aishwarya Kadam,59,Female,Bachelors degree,36650
Ashwini Sawant,60,Female,Bachelors degree,48849
Aditya Bhise,57,Male,High school or less,46387
Aditya Bhosale,58,Male,PhD or equivalent,66092
Aishwarya Bhise,21,Female,Masters degree,36764
Pooja Deshmukh,49,Female,High school or less,25608
Ashwini Gokhale,48,Female,High school or less,52624
Mahesh Bhosale,46,Male,Some college/Associates degree,44423
Manisha Chavan,48,Female,Masters degree,28180
Nikhil Shinde,31,Male,Masters degree,34655
Snehal Pawar,42,Female,Bachelors degree,38925
Gaurav Chavan,34,Male,Bachelors degree,64745
Dipti Dharmadhikari,31,Female,Masters degree,50958
Mahesh Salunke,30,Male,Bachelors degree,69217
Nikhil Pawar,44,Male,Bachelors degree,24446
Snehal Patil,29,Female,Some college/Associates degree,15261
Ashwini Thorat,49,Female,Some college/Associates degree,25561
Vaishnavi Gokhale,29,Female,Some college/Associates degree,50137
Anjali Joshi,35,Female,Bachelors degree,29087
Gaurav Thorat,59,Male,High school or less,16600
Ashwini Deshmukh,40,Female,PhD or equivalent,64644
Manisha Chavan,57,Female,High school or less,46554
Swapnil More,44,Male,Masters degree,65380
Harshada Joshi,50,Female,PhD or equivalent,28791
Pranav Bhise,48,Male,High school or less,37593
Ashwini Dhole,40,Female,PhD or equivalent,38799
Gaurav Shinde,48,Male,PhD or equivalent,19235
Mahesh Nayak,27,Male,Bachelors degree,21816
Arjun Shinde,60,Male,High school or less,18006
Kiran Nayak,48,Male,PhD or equivalent,61104
Dipti Bhise,59,Female,PhD or equivalent,42456
Snehal Gokhale,55,Female,Bachelors degree,31427
Aditya Kulkarni,23,Male,Some college/Associates degree,59673
Kiran Chavan,52,Male,Masters degree,48410
Swapnil Gokhale,58,Male,Some college/Associates degree,66544
Manisha Sawant,39,Female,High school or less,18349
Harshada Joshi,57,Female,High school or less,30538
Pooja Dharmadhikari,41,Female,Bachelors degree,68812
Ashwini Bhosale,22,Female,Some college/Associates degree,15569
Anjali More,37,Female,Some college/Associates degree,44808
Gaurav Kadam,20,Male,Masters degree,67318
Pranav Patil,23,Male,PhD or equivalent,53111
Vaishnavi Bhise,60,Female,Masters degree,22978
Nikhil Nayak,50,Male,High school or less,28708
Vaishnavi Gokhale,45,Female,Bachelors degree,25664
Pooja Nayak,23,Female,Bachelors degree,41469
Nikhil Nayak,51,Male,Bachelors degree,56630
Aditya Gokhale,36,Male,Masters degree,64646
Harshada Chavan,42,Female,PhD or equivalent,62256
Kiran Dhole,41,Male,Some college/Associates degree,17828
Chaitanya Salunke,51,Male,Some college/Associates degree,36684
Anjali Jadhav,46,Female,Masters degree,40819
Arjun Pawar,28,Male,PhD or equivalent,27600
Kiran Chavan,52,Male,Some college/Associates degree,54337
Anjali Thorat,31,Female,Bachelors degree,65868
Pranav Thorat,38,Male,Bachelors degree,42383
Harshada Patil,30,Female,Bachelors degree,27156
Nikhil Dhole,60,Male,Bachelors degree,58544
Aditya Phadke,50,Male,Bachelors degree,35022
Swapnil Bhosale,43,Male,PhD or equivalent,66481
Pranav Phadke,45,Male,PhD or equivalent,60672
Arjun Bhise,32,Male,Some college/Associates degree,45521
Snehal Pawar,37,Female,Some college/Associates degree,46474
Kiran Shinde,40,Male,Bachelors degree,26496
Arjun Sawant,47,Male,Bachelors degree,59155
Pranav Pawar,34,Male,High school or less,38098
Gaurav Pawar,50,Male,Some college/Associates degree,47419
Ashwini Kadam,22,Female,High school or less,53386
Aditya Patil,22,Male,High school or less,34571
Akshay Shinde,23,Male,PhD or equivalent,31254
Pooja Thorat,39,Female,Masters degree,45859
Vaishnavi Nayak,47,Female,Some college/Associates degree,58851
Manisha Nayak,43,Female,Bachelors degree,23653
Mahesh Gokhale,26,Male,Bachelors degree,24426
Harshada Bhise,24,Female,PhD or equivalent,58232
Manisha Salunke,54,Female,Masters degree,41860
Pooja More,60,Female,Masters degree,40069
Pranav Salunke,36,Male,High school or less,24157
Rohit Dhole,45,Male,Some college/Associates degree,36050
Pooja Dharmadhikari,32,Female,Bachelors degree,62577
Akshay Dhole,29,Male,PhD or equivalent,66584
Ashwini Jadhav,58,Female,Masters degree,62569
Pranav Kulkarni,54,Male,Masters degree,21876
Mahesh Bhise,24,Male,High school or less,15193
Chaitanya Shinde,60,Male,Masters degree,57525
Aditya Chavan,36,Male,PhD or equivalent,54327
Chaitanya More,21,Male,High school or less,60985
Vaishnavi Nayak,52,Female,Masters degree,19761
Vaishnavi Kadam,29,Female,Masters degree,59442
Swapnil Thorat,43,Male,Masters degree,48344
Rohit More,31,Male,High school or less,64706
Ashwini Shinde,53,Female,Masters degree,23394
Arjun Dhole,33,Male,Bachelors degree,27396
Arjun Sawant,47,Male,Bachelors degree,29173
Akshay Thorat,44,Male,Masters degree,42838
Chaitanya Joshi,26,Male,Bachelors degree,57744
Arjun Pawar,57,Male,Some college/Associates degree,46572
Mahesh Dhole,46,Male,High school or less,52343
Anjali More,23,Female,Bachelors degree,20968
Pooja Gokhale,47,Female,Some college/Associates degree,68913
Anjali Shinde,20,Female,Bachelors degree,27594
Gaurav Shinde,20,Male,Bachelors degree,69665
Ashwini Bhosale,35,Female,Bachelors degree,52517
Manisha Kulkarni,21,Female,PhD or equivalent,52933
Vaishnavi Thorat,55,Female,Some college/Associates degree,40008
Akshay Thorat,23,Male,High school or less,37315
Manisha Kulkarni,37,Female,Masters degree,34091
Pranav Pawar,26,Male,Some college/Associates degree,22913
Ashwini Gokhale,46,Female,High school or less,61053
Ashwini Pawar,54,Female,High school or less,61522
Dipti Thorat,26,Female,Some college/Associates degree,31115
Arjun Sawant,48,Male,Masters degree,56496
Rohit Nayak,52,Male,High school or less,31481
Snehal Thorat,52,Female,Masters degree,38915
Chaitanya Nayak,26,Male,Masters degree,46326
Swapnil Salunke,44,Male,Some college/Associates degree,22369
Aditya Patil,23,Male,Bachelors degree,47719
Aishwarya Kadam,34,Female,Masters degree,64496
Harshada Shinde,57,Female,High school or less,21753
Rohit Joshi,30,Male,Masters degree,19859
Pranav Bhise,30,Male,PhD or equivalent,36113
Akshay Chavan,48,Male,Masters degree,34448
Akshay Joshi,26,Male,Some college/Associates degree,23839
Aishwarya Pawar,25,Female,PhD or equivalent,34670
Snehal Deshmukh,41,Female,High school or less,27688
Anjali Phadke,30,Female,PhD or equivalent,39900
Gaurav Dhole,59,Male,PhD or equivalent,58242
Vaishnavi Sawant,21,Female,High school or less,52006
Kiran Deshmukh,43,Male,High school or less,41194
Snehal Dharmadhikari,31,Female,Masters degree,51949
Chaitanya More,51,Male,Masters degree,27435
Arjun Dhole,30,Male,High school or less,25904
Harshada More,41,Female,High school or less,36444
Mahesh Gokhale,24,Male,Masters degree,37412
Kiran Kadam,51,Male,High school or less,61446
Chaitanya Deshmukh,33,Male,Masters degree,36035
Vaishnavi Bhosale,53,Female,PhD or equivalent,35027
Manisha Gokhale,50,Female,Some college/Associates degree,26609
Mahesh Deshmukh,22,Male,High school or less,18902
Dipti Dhole,29,Female,High school or less,21936
Harshada Sawant,20,Female,PhD or equivalent,33054
Mahesh Gokhale,57,Male,Masters degree,24330
Gaurav Pawar,41,Male,Bachelors degree,43390
Swapnil Bhosale,44,Male,Bachelors degree,46071
Pranav Gokhale,24,Male,Masters degree,56107
Aditya Patil,30,Male,High school or less,38751
Chaitanya Dharmadhikari,40,Male,PhD or equivalent,22884
Vaishnavi Kulkarni,45,Female,Bachelors degree,63859
Nikhil Chavan,50,Male,PhD or equivalent,57266
Rohit Bhosale,29,Male,Bachelors degree,50210
Gaurav Salunke,28,Male,Some college/Associates degree,23279
Nikhil Dharmadhikari,22,Male,Bachelors degree,59209
Dipti Bhise,24,Female,Masters degree,56907
Kiran Kulkarni,33,Male,Bachelors degree,18783
Mahesh Phadke,43,Male,Bachelors degree,68315
Kiran Jadhav,46,Male,High school or less,65357
Dipti Dhole,40,Female,Bachelors degree,43355
Anjali Dhole,28,Female,Masters degree,40146
Anjali Dhole,42,Female,Bachelors degree,36114
Aditya More,43,Male,Some college/Associates degree,18008
Kiran Gokhale,56,Male,Bachelors degree,40056
Swapnil Bhise,60,Male,Some college/Associates degree,46285
Akshay Patil,35,Male,PhD or equivalent,27586
Anjali Dharmadhikari,22,Female,Masters degree,16622
Rohit Pawar,58,Male,Some college/Associates degree,53967
Rohit Phadke,55,Male,PhD or equivalent,61060
Aditya Sawant,40,Male,High school or less,45964
Kiran Kadam,47,Male,Masters degree,64909
Dipti Chavan,31,Female,Some college/Associates degree,17389
Ashwini Bhosale,57,Female,Masters degree,41255
Harshada More,40,Female,High school or less,55023
Dipti Gokhale,40,Female,High school or less,42260
Chaitanya Salunke,43,Male,Masters degree,30698
Arjun Bhosale,30,Male,Masters degree,52229
Dipti Salunke,58,Female,Masters degree,38913
Snehal Patil,26,Female,Masters degree,49315
Aishwarya Dharmadhikari,25,Female,Bachelors degree,63448
Dipti Deshmukh,38,Female,Some college/Associates degree,21367
Ashwini Bhosale,50,Female,Masters degree,50593
Pranav Patil,35,Male,Bachelors degree,44815
Akshay Sawant,50,Male,Masters degree,58810
Anjali Chavan,29,Female,Masters degree,55991
Pranav Dharmadhikari,41,Male,Some college/Associates degree,66560
Aditya Jadhav,55,Male,Some college/Associates degree,39152
Ashwini Phadke,22,Female,Masters degree,50592
Arjun Kulkarni,59,Male,Bachelors degree,37096
Gaurav Bhosale,25,Male,Masters degree,48562
Manisha Jadhav,59,Female,PhD or equivalent,52883
Pooja Salunke,40,Female,Bachelors degree,66941
Aditya Kulkarni,58,Male,Some college/Associates degree,20560
Aishwarya Bhise,25,Female,PhD or equivalent,53459
Manisha Bhise,28,Female,High school or less,27774
Nikhil Kulkarni,33,Male,Masters degree,50033
Rohit Jadhav,52,Male,Some college/Associates degree,54340
Aishwarya Salunke,41,Female,Masters degree,53112
Ashwini Phadke,47,Female,Some college/Associates degree,24203
Kiran Deshmukh,35,Male,High school or less,61733
Manisha Kulkarni,48,Female,High school or less,40485
Nikhil Dharmadhikari,40,Male,PhD or equivalent,53337
Pooja Gokhale,56,Female,Bachelors degree,35764
Swapnil Salunke,49,Male,High school or less,34169
Manisha Shinde,54,Female,Some college/Associates degree,45701
Swapnil Jadhav,26,Male,PhD or equivalent,19360
Ashwini Kulkarni,20,Female,Bachelors degree,17564
Dipti More,37,Female,High school or less,20478
Dipti Bhise,60,Female,High school or less,55251
Swapnil Sawant,23,Male,PhD or equivalent,26136
Gaurav Chavan,26,Male,Bachelors degree,21453
Pranav Bhosale,21,Male,Masters degree,56164
Aditya Nayak,26,Male,Some college/Associates degree,25943
Pranav Bhosale,22,Male,Some college/Associates degree,39176
Gaurav Salunke,35,Male,Masters degree,66599
Snehal Gokhale,20,Female,PhD or equivalent,25297
Vaishnavi Salunke,38,Female,PhD or equivalent,47704
Rohit Joshi,59,Male,Some college/Associates degree,42444
Rohit More,52,Male,High school or less,36947
Aishwarya Pawar,23,Female,Bachelors degree,49344
Pooja Salunke,57,Female,Masters degree,52977
Mahesh More,36,Male,High school or less,33688
Kiran Kadam,59,Male,Bachelors degree,51796
Swapnil Pawar,39,Male,Some college/Associates degree,25212
Rohit Dhole,39,Male,PhD or equivalent,31160
Chaitanya Pawar,22,Male,PhD or equivalent,59711
Snehal Gokhale,23,Female,PhD or equivalent,32194
Vaishnavi Jadhav,41,Female,Bachelors degree,59431
Harshada Bhise,48,Female,PhD or equivalent,30681
Chaitanya Phadke,30,Male,High school or less,29805
Dipti Joshi,31,Female,PhD or equivalent,50347
Snehal Bhosale,46,Female,Masters degree,21053
Pranav Patil,49,Male,High school or less,36905
Rohit Nayak,60,Male,PhD or equivalent,23332
Arjun Nayak,23,Male,Bachelors degree,21645
Anjali Thorat,52,Female,PhD or equivalent,59285
Vaishnavi Dharmadhikari,50,Female,Some college/Associates degree,59399
Swapnil Bhosale,39,Male,Masters degree,22065
Manisha Dharmadhikari,48,Female,Bachelors degree,49750
Mahesh Chavan,35,Male,PhD or equivalent,48507
Manisha Salunke,58,Female,Bachelors degree,15907
Aditya Nayak,28,Male,Masters degree,54718
Swapnil Thorat,23,Male,High school or less,46971
Nikhil Dharmadhikari,50,Male,Masters degree,29345
Gaurav Joshi,60,Male,Masters degree,47063
Aditya Deshmukh,30,Male,Bachelors degree,54580
Gaurav Gokhale,45,Male,Masters degree,57682
Gaurav Chavan,29,Male,PhD or equivalent,20020
Anjali Deshmukh,58,Female,PhD or equivalent,42992
Gaurav Pawar,60,Male,High school or less,68525
Dipti Gokhale,51,Female,Bachelors degree,40319
Anjali Nayak,40,Female,PhD or equivalent,46639
Swapnil Joshi,56,Male,Bachelors degree,38333
Manisha Dhole,23,Female,High school or less,28836
Mahesh Shinde,20,Male,Bachelors degree,45649
Aishwarya Phadke,44,Female,Bachelors degree,61026
Aditya Thorat,25,Male,High school or less,29084
Dipti Shinde,54,Female,Bachelors degree,65734
Rohit Sawant,49,Male,Bachelors degree,69300
Ashwini Kulkarni,50,Female,PhD or equivalent,33611
Kiran Jadhav,27,Male,Bachelors degree,37293
Dipti Bhosale,38,Female,PhD or equivalent,46810
Arjun Salunke,31,Male,PhD or equivalent,63210
Anjali Chavan,55,Female,High school or less,38744
Ashwini Joshi,45,Female,High school or less,51981
Snehal Deshmukh,34,Female,Bachelors degree,59554
Dipti Kadam,55,Female,Some college/Associates degree,22023
Pooja Dharmadhikari,49,Female,Masters degree,58000
Nikhil Pawar,26,Male,PhD or equivalent,62703
Aishwarya Nayak,55,Female,Masters degree,50499
Rohit Bhise,51,Male,High school or less,28204
Rohit Dhole,22,Male,PhD or equivalent,26788
Nikhil Jadhav,53,Male,Some college/Associates degree,63346
Anjali Kulkarni,38,Female,High school or less,47060
Nikhil Bhosale,33,Male,Some college/Associates degree,63409
Pranav Sawant,33,Male,PhD or equivalent,65840
Dipti Gokhale,22,Female,Bachelors degree,63581
Akshay Salunke,40,Male,Masters degree,41706
Manisha Pawar,27,Female,PhD or equivalent,31063
Swapnil Dharmadhikari,40,Male,Some college/Associates degree,41577
Dipti Nayak,39,Female,Some college/Associates degree,29079
Anjali Jadhav,59,Female,Bachelors degree,64236
Dipti Nayak,57,Female,High school or less,38493
Ashwini Kadam,42,Female,PhD or equivalent,56774
Dipti Dhole,52,Female,Masters degree,62448
Rohit Patil,52,Male,High school or less,50113
Snehal Deshmukh,44,Female,PhD or equivalent,15596
Pranav Phadke,35,Male,High school or less,43436
Arjun Chavan,47,Male,Masters degree,31542
Aishwarya Deshmukh,44,Female,Bachelors degree,32183
Snehal Salunke,24,Female,Some college/Associates degree,64046
Akshay Patil,32,Male,Some college/Associates degree,36546
Rohit Sawant,59,Male,PhD or equivalent,25521
Vaishnavi Kulkarni,39,Female,High school or less,48851
Ashwini Kulkarni,23,Female,Some college/Associates degree,57929
Chaitanya Shinde,21,Male,PhD or equivalent,53127
Pooja Patil,31,Female,Masters degree,43880
Pranav Joshi,27,Male,Bachelors degree,37970
Snehal Deshmukh,26,Female,PhD or equivalent,15555
Anjali Pawar,41,Female,Bachelors degree,34528
Snehal Chavan,51,Female,Masters degree,60910
Gaurav Shinde,39,Male,Masters degree,56191
Mahesh Pawar,48,Male,PhD or equivalent,60060
Snehal Dhole,49,Female,Some college/Associates degree,56645
Aditya Shinde,25,Male,Some college/Associates degree,58864
Anjali Deshmukh,56,Female,Masters degree,67207
Snehal Chavan,52,Female,High school or less,63405
Manisha Shinde,26,Female,PhD or equivalent,23277
Rohit More,51,Male,Bachelors degree,15283
Harshada Dhole,57,Female,Some college/Associates degree,54422
Aishwarya Kulkarni,45,Female,Some college/Associates degree,58879
Akshay Joshi,52,Male,PhD or equivalent,34085
Ashwini Bhosale,46,Female,Masters degree,61561
Aditya Bhise,42,Male,Some college/Associates degree,51903
Anjali Gokhale,20,Female,Some college/Associates degree,63019
Snehal Bhosale,28,Female,Masters degree,26319
Rohit Deshmukh,25,Male,Bachelors degree,39606
Harshada Deshmukh,46,Female,PhD or equivalent,47020
Manisha Salunke,43,Female,Masters degree,25590
Gaurav Dhole,57,Male,PhD or equivalent,39568
Arjun Bhise,22,Male,Masters degree,54799
Ashwini Sawant,55,Female,High school or less,48152
Harshada Salunke,52,Female,PhD or equivalent,19034
Anjali Salunke,48,Female,PhD or equivalent,15957
Pooja Salunke,50,Female,Masters degree,15106
Kiran Bhosale,40,Male,Some college/Associates degree,40962
Dipti Phadke,45,Female,Bachelors degree,32626
Akshay Joshi,49,Male,Some college/Associates degree,32354
Kiran Shinde,48,Male,Masters degree,64267
Swapnil Dharmadhikari,57,Male,Some college/Associates degree,46783
Nikhil Bhosale,40,Male,PhD or equivalent,59052
Aishwarya More,41,Female,Masters degree,45233
Ashwini Joshi,36,Female,Bachelors degree,46878
Snehal Joshi,31,Female,Masters degree,36434
Harshada Dharmadhikari,57,Female,Masters degree,37178
Pranav Phadke,24,Male,Bachelors degree,32621
Aishwarya Jadhav,53,Female,Masters degree,67903
Vaishnavi Jadhav,20,Female,Masters degree,59246
Anjali Dhole,34,Female,Masters degree,66407
Arjun Nayak,53,Male,PhD or equivalent,15006
Dipti More,53,Female,High school or less,61905
Snehal Joshi,41,Female,High school or less,54622
Snehal Nayak,31,Female,High school or less,53208
Kiran Joshi,44,Male,High school or less,46640
Chaitanya Sawant,49,Male,High school or less,59199
Arjun Phadke,36,Male,PhD or equivalent,41475
Vaishnavi Jadhav,25,Female,Bachelors degree,50538
Rohit Jadhav,56,Male,Masters degree,41513
Aditya Thorat,27,Male,Bachelors degree,34360
Akshay Pawar,46,Male,Some college/Associates degree,53370
Swapnil Salunke,30,Male,Bachelors degree,55995
Gaurav Bhosale,55,Male,Bachelors degree,23800
Anjali Deshmukh,43,Female,Some college/Associates degree,34781
Aishwarya Nayak,42,Female,Bachelors degree,36130
Mahesh Joshi,55,Male,PhD or equivalent,24485
Vaishnavi Kadam,20,Female,Bachelors degree,18666
Harshada Jadhav,42,Female,High school or less,68312
Manisha Bhise,59,Female,Some college/Associates degree,52243
Dipti Jadhav,38,Female,Masters degree,24480
Gaurav Joshi,48,Male,Masters degree,20621
Aishwarya Nayak,48,Female,Masters degree,55592
Pooja Dhole,28,Female,Bachelors degree,66538
Ashwini Dharmadhikari,52,Female,Masters degree,25708
Manisha Gokhale,28,Female,Some college/Associates degree,20630
Nikhil Kadam,21,Male,Some college/Associates degree,57009
Akshay Sawant,28,Male,High school or less,22699
Aishwarya Jadhav,21,Female,Some college/Associates degree,19683
Aishwarya Bhise,51,Female,Masters degree,67900
Pooja Bhosale,39,Female,Bachelors degree,49862
Aditya Thorat,36,Male,High school or less,16457
Akshay Pawar,40,Male,Masters degree,60586
Anjali Phadke,30,Female,PhD or equivalent,41515
Pooja Kulkarni,30,Female,High school or less,28405
Swapnil Bhise,37,Male,High school or less,61091
Manisha Kulkarni,31,Female,Some college/Associates degree,19996
Gaurav Dharmadhikari,42,Male,Some college/Associates degree,58034
Chaitanya Phadke,40,Male,Bachelors degree,22673
Manisha Gokhale,57,Female,Some college/Associates degree,64923
Pooja Deshmukh,35,Female,Bachelors degree,57296
Mahesh Salunke,20,Male,Some college/Associates degree,25337
Aishwarya Thorat,57,Female,Masters degree,61917
Aditya Jadhav,51,Male,PhD or equivalent,30636
Akshay Dhole,57,Male,PhD or equivalent,67804
Pooja Nayak,28,Female,High school or less,32120
Pooja Sawant,27,Female,High school or less,38982
Rohit Dharmadhikari,27,Male,High school or less,51487
Anjali Pawar,36,Female,Masters degree,22837
Ashwini Sawant,29,Female,PhD or equivalent,36922
Kiran Thorat,33,Male,Bachelors degree,36929
Vaishnavi Bhise,32,Female,Some college/Associates degree,69316
Mahesh Shinde,54,Male,Some college/Associates degree,54208
Arjun Patil,38,Male,Masters degree,39200
Harshada Gokhale,46,Female,Bachelors degree,40359
Vaishnavi Sawant,46,Female,Bachelors degree,41868
Vaishnavi Bhise,46,Female,PhD or equivalent,43703
Rohit More,52,Male,Bachelors degree,64297
Harshada Patil,43,Female,Bachelors degree,44020
Aishwarya Nayak,46,Female,Masters degree,32950
Pooja Nayak,35,Female,PhD or equivalent,32788
Kiran Thorat,45,Male,Bachelors degree,66925
Pranav Salunke,45,Male,PhD or equivalent,68939
Akshay Kulkarni,45,Male,Some college/Associates degree,68454
Swapnil Salunke,43,Male,Masters degree,48804
Rohit Salunke,26,Male,Masters degree,69833
Pooja Pawar,46,Female,Some college/Associates degree,36732
Anjali Sawant,29,Female,Bachelors degree,59008
Ashwini Sawant,30,Female,PhD or equivalent,49300
Swapnil Dharmadhikari,57,Male,Bachelors degree,31738
Nikhil Bhise,59,Male,Masters degree,20872
Kiran Kulkarni,52,Male,Masters degree,34678
Snehal Gokhale,26,Female,PhD or equivalent,34059
Dipti Jadhav,24,Female,High school or less,43612
Mahesh Kulkarni,58,Male,Masters degree,53053
Dipti Sawant,60,Female,Some college/Associates degree,53725
Nikhil Dharmadhikari,56,Male,Masters degree,36106
Manisha Deshmukh,57,Female,High school or less,61494
Dipti Deshmukh,50,Female,Bachelors degree,30624
Vaishnavi Chavan,41,Female,PhD or equivalent,62332
Aishwarya Pawar,58,Female,Bachelors degree,29784
Aditya Shinde,57,Male,High school or less,49520
Gaurav Deshmukh,39,Male,Some college/Associates degree,41247
Arjun Dhole,41,Male,Some college/Associates degree,55502
Dipti Chavan,41,Female,High school or less,16815
Ashwini Bhosale,53,Female,PhD or equivalent,47469
Chaitanya Gokhale,39,Male,High school or less,66557
Aishwarya Shinde,41,Female,PhD or equivalent,30631
Chaitanya More,40,Male,Some college/Associates degree,27160
Kiran Bhosale,49,Male,Some college/Associates degree,68704
Vaishnavi Kadam,33,Female,High school or less,17450
Gaurav Patil,40,Male,High school or less,47828
Aishwarya Patil,32,Female,PhD or equivalent,26979
Aishwarya Dharmadhikari,36,Female,Masters degree,39475
Harshada Joshi,22,Female,Bachelors degree,37293
Dipti Salunke,23,Female,Masters degree,18024
Pooja Phadke,57,Female,PhD or equivalent,66979
Ashwini Joshi,28,Female,Masters degree,30637
Chaitanya Deshmukh,41,Male,PhD or equivalent,42764
Arjun Deshmukh,57,Male,Bachelors degree,46674
Anjali Chavan,33,Female,Some college/Associates degree,64847
Mahesh Sawant,34,Male,High school or less,69181
Pranav Kadam,27,Male,PhD or equivalent,24547
Akshay More,44,Male,Masters degree,20269
Manisha Bhosale,38,Female,Bachelors degree,67227
Anjali Thorat,32,Female,Masters degree,15407
Nikhil Bhosale,23,Male,PhD or equivalent,35256
Pooja Dharmadhikari,42,Female,High school or less,37797
Snehal Sawant,41,Female,PhD or equivalent,33360
Rohit Nayak,40,Male,High school or less,43823
Vaishnavi Jadhav,24,Female,Masters degree,27817
Pranav Dhole,52,Male,High school or less,55384
Aishwarya Deshmukh,43,Female,PhD or equivalent,35474
Pranav Thorat,59,Male,PhD or equivalent,69640
Mahesh Deshmukh,20,Male,Some college/Associates degree,49700
Dipti Sawant,25,Female,Masters degree,44092
Chaitanya Pawar,36,Male,High school or less,26831
Swapnil Pawar,20,Male,Masters degree,58716
Dipti Joshi,22,Female,Masters degree,36142
Gaurav Joshi,42,Male,PhD or equivalent,59889
Ashwini Bhosale,59,Female,High school or less,18859
Swapnil Pawar,31,Male,High school or less,19857
Mahesh Kulkarni,55,Male,High school or less,22726
Manisha Bhosale,44,Female,Bachelors degree,45562
Ashwini Dharmadhikari,48,Female,PhD or equivalent,31144
Pooja Phadke,28,Female,PhD or equivalent,62532
Aishwarya Bhise,39,Female,Some college/Associates degree,51776
Aishwarya Phadke,60,Female,High school or less,69908
Rohit More,21,Male,Masters degree,54988
Harshada Nayak,53,Female,PhD or equivalent,35551
Rohit Salunke,56,Male,PhD or equivalent,58605
Gaurav Pawar,41,Male,Bachelors degree,45003
Kiran Pawar,52,Male,PhD or equivalent,43285
Swapnil Deshmukh,58,Male,Some college/Associates degree,46116
Dipti Pawar,39,Female,PhD or equivalent,61779
Vaishnavi Salunke,47,Female,Masters degree,49160
Swapnil Bhosale,52,Male,Masters degree,31676
Gaurav Pawar,34,Male,Masters degree,25658
Nikhil Dharmadhikari,38,Male,High school or less,53684
Snehal Patil,52,Female,Some college/Associates degree,53298
Anjali Dhole,28,Female,PhD or equivalent,27129
Mahesh Jadhav,53,Male,PhD or equivalent,23538
Rohit More,36,Male,PhD or equivalent,57393
Dipti Sawant,55,Female,Masters degree,27978
Anjali Dhole,28,Female,Bachelors degree,58909
Ashwini Bhosale,40,Female,Bachelors degree,64700
Snehal Sawant,22,Female,High school or less,68922
Snehal Bhosale,53,Female,Bachelors degree,18159
Manisha Salunke,34,Female,High school or less,66214
Kiran More,27,Male,High school or less,48304
Snehal Joshi,56,Female,Some college/Associates degree,46581
Dipti Kulkarni,54,Female,High school or less,25439
Snehal Dharmadhikari,42,Female,Some college/Associates degree,33642
Chaitanya Kulkarni,29,Male,Bachelors degree,43204
Aditya Thorat,31,Male,PhD or equivalent,27708
Pranav Shinde,42,Male,High school or less,41240
Swapnil Dhole,34,Male,High school or less,45946
Aishwarya Chavan,51,Female,PhD or equivalent,28839
Aishwarya Shinde,20,Female,Masters degree,25994
Anjali Sawant,41,Female,Bachelors degree,29843
Nikhil Bhise,32,Male,Bachelors degree,40344
Dipti Joshi,31,Female,Bachelors degree,60814
Aishwarya Sawant,36,Female,PhD or equivalent,57546
Snehal Salunke,30,Female,PhD or equivalent,55751
Aishwarya Deshmukh,40,Female,High school or less,32112
Anjali Dharmadhikari,52,Female,High school or less,49361
Akshay Dharmadhikari,26,Male,PhD or equivalent,56833
Akshay Patil,31,Male,Some college/Associates degree,27793
Snehal Patil,49,Female,High school or less,64001
Ashwini Thorat,37,Female,PhD or equivalent,45598
Dipti Thorat,39,Female,PhD or equivalent,19905
Vaishnavi More,23,Female,PhD or equivalent,59636
Nikhil Kadam,57,Male,PhD or equivalent,37151
Mahesh Kulkarni,23,Male,PhD or equivalent,34389
Swapnil Pawar,58,Male,Bachelors degree,40944
Kiran Jadhav,51,Male,High school or less,32961
Pooja Kulkarni,21,Female,Masters degree,44375
Ashwini Salunke,59,Female,High school or less,36268
Rohit More,24,Male,High school or less,17884
Aishwarya Kulkarni,48,Female,Bachelors degree,44124
Pranav Dhole,53,Male,Bachelors degree,60184
Mahesh Pawar,33,Male,Some college/Associates degree,41851
Harshada More,32,Female,Masters degree,33918
Rohit Patil,51,Male,PhD or equivalent,60271
Gaurav Patil,52,Male,Masters degree,56888
Anjali Gokhale,59,Female,Masters degree,39557
Akshay Nayak,31,Male,Bachelors degree,42743
Pooja Bhise,57,Female,Masters degree,36962
Swapnil Thorat,57,Male,Bachelors degree,63030
Anjali Kulkarni,46,Female,High school or less,40257
Akshay Chavan,25,Male,High school or less,65735
Vaishnavi More,60,Female,High school or less,45613
Swapnil Thorat,34,Male,Bachelors degree,63766
Akshay Nayak,50,Male,High school or less,16263
Vaishnavi Thorat,36,Female,Masters degree,53124
Dipti Deshmukh,20,Female,Masters degree,33579
Aditya Pawar,27,Male,PhD or equivalent,68544
Pranav Thorat,49,Male,Some college/Associates degree,23690
Arjun Nayak,24,Male,High school or less,45178
Arjun Nayak,27,Male,Bachelors degree,59582
Snehal Patil,41,Female,Masters degree,36501
Aishwarya Joshi,41,Female,Masters degree,66806
Akshay More,26,Male,PhD or equivalent,68003
Arjun Patil,32,Male,High school or less,38493
Rohit Sawant,48,Male,Bachelors degree,32480
Ashwini Dhole,20,Female,High school or less,17928
Aditya Salunke,25,Male,High school or less,59699
Manisha Phadke,44,Female,Bachelors degree,69927
Aditya Salunke,32,Male,Some college/Associates degree,55297
Akshay Thorat,56,Male,PhD or equivalent,29086
Kiran Sawant,47,Male,PhD or equivalent,15704
Akshay Phadke,42,Male,PhD or equivalent,24072
Harshada Salunke,50,Female,High school or less,66980
Vaishnavi Chavan,37,Female,Some college/Associates degree,21763
Nikhil Kulkarni,60,Male,High school or less,18814
Akshay Salunke,56,Male,PhD or equivalent,36985
Ashwini Thorat,29,Female,PhD or equivalent,68488
Swapnil More,33,Male,Bachelors degree,46450
Rohit More,31,Male,Masters degree,30094
Manisha Gokhale,23,Female,Some college/Associates degree,19092
Arjun Thorat,40,Male,Bachelors degree,24540
Arjun Joshi,43,Male,Masters degree,41559
Ashwini Phadke,31,Female,Bachelors degree,28312
Anjali Dharmadhikari,45,Female,Some college/Associates degree,53779
Akshay Thorat,45,Male,Some college/Associates degree,61405
Mahesh Jadhav,56,Male,PhD or equivalent,25629
Pranav Pawar,40,Male,Masters degree,63510
Kiran More,57,Male,Masters degree,21419
Harshada Pawar,30,Female,Bachelors degree,67277
Chaitanya Patil,32,Male,High school or less,27810
Snehal Dhole,45,Female,Masters degree,15827
Snehal Phadke,53,Female,PhD or equivalent,55157
Aishwarya Salunke,51,Female,Bachelors degree,18300
Dipti Bhosale,52,Female,Some college/Associates degree,45077
Kiran Chavan,20,Male,High school or less,55946
Chaitanya Phadke,52,Male,PhD or equivalent,26697
Anjali Patil,39,Female,PhD or equivalent,19088
Nikhil Jadhav,31,Male,Bachelors degree,22916
Rohit Bhosale,55,Male,Some college/Associates degree,52813
Kiran Nayak,49,Male,Bachelors degree,35852
Nikhil Kadam,53,Male,PhD or equivalent,29202
Nikhil Chavan,50,Male,Masters degree,46331
Gaurav Kulkarni,51,Male,Some college/Associates degree,43293
Anjali Jadhav,60,Female,Bachelors degree,20256
Anjali Nayak,46,Female,Masters degree,57011
Harshada Kadam,57,Female,PhD or equivalent,52952
Rohit Bhise,23,Male,High school or less,15682
Dipti Chavan,38,Female,Some college/Associates degree,63448
Rohit Patil,35,Male,Bachelors degree,20768
Vaishnavi Bhosale,20,Female,Bachelors degree,32985
Dipti Bhosale,42,Female,Bachelors degree,27175
Anjali Thorat,51,Female,Bachelors degree,56527
Arjun Gokhale,44,Male,Masters degree,38791
Anjali Joshi,51,Female,High school or less,28898
Dipti Bhise,24,Female,Masters degree,18514
Aishwarya Chavan,30,Female,PhD or equivalent,21660
Aishwarya Dharmadhikari,52,Female,Some college/Associates degree,56581
Rohit Nayak,55,Male,PhD or equivalent,24341
Manisha Shinde,25,Female,Masters degree,61158
Rohit Dhole,46,Male,Bachelors degree,60860
Chaitanya Joshi,33,Male,Some college/Associates degree,31136
Akshay Thorat,20,Male,Masters degree,21798
Harshada Sawant,25,Female,Some college/Associates degree,63382
Gaurav Kulkarni,57,Male,Masters degree,47618
Pranav Bhise,47,Male,Bachelors degree,67151
Nikhil Phadke,33,Male,PhD or equivalent,64240
Harshada Kulkarni,56,Female,Masters degree,21120
Manisha Shinde,28,Female,PhD or equivalent,68413
Nikhil Pawar,54,Male,High school or less,49872
Vaishnavi Jadhav,21,Female,High school or less,55426
Arjun Salunke,55,Male,High school or less,34410
Dipti Dhole,26,Female,PhD or equivalent,17033
Rohit Patil,44,Male,Some college/Associates degree,40502
Dipti Bhise,52,Female,PhD or equivalent,38488
Aishwarya Kulkarni,57,Female,Some college/Associates degree,15145
Gaurav Deshmukh,38,Male,High school or less,50650
Anjali Thorat,23,Female,Bachelors degree,18628
Chaitanya Patil,26,Male,High school or less,16660
Mahesh Patil,48,Male,Masters degree,34494
Ashwini Dhole,23,Female,Masters degree,42144
Swapnil Kulkarni,30,Male,Bachelors degree,67427
Gaurav More,43,Male,Masters degree,64457
Swapnil Phadke,23,Male,Masters degree,51470
Manisha Gokhale,59,Female,High school or less,67844
Arjun Bhise,54,Male,PhD or equivalent,19330
Kiran Gokhale,31,Male,Masters degree,22082
Pooja Salunke,53,Female,Some college/Associates degree,21606
Aishwarya Kadam,38,Female,Bachelors degree,15391
Mahesh Thorat,44,Male,High school or less,55799
Pooja Kulkarni,53,Female,High school or less,31647
Arjun Salunke,53,Male,Some college/Associates degree,64366
Manisha Nayak,57,Female,Masters degree,34652
Akshay Pawar,42,Male,High school or less,61237
Rohit Chavan,22,Male,Some college/Associates degree,67220
Ashwini Gokhale,58,Female,Some college/Associates degree,48285
Swapnil Bhise,42,Male,High school or less,44318
Anjali Sawant,52,Female,Bachelors degree,21179
Manisha Kadam,32,Female,Bachelors degree,32734
Snehal Nayak,41,Female,Masters degree,41866
Harshada Phadke,23,Female,Some college/Associates degree,60114
Kiran Patil,33,Male,High school or less,22342
Aditya Kulkarni,33,Male,Masters degree,40194
Mahesh Kadam,46,Male,Bachelors degree,59982
Kiran More,37,Male,High school or less,36006
Pooja Deshmukh,55,Female,High school or less,64361
Nikhil Nayak,39,Male,PhD or equivalent,33611
Dipti Bhosale,22,Female,PhD or equivalent,51672
Anjali More,29,Female,Some college/Associates degree,67406
Pooja Shinde,60,Female,Some college/Associates degree,67787
Manisha Salunke,41,Female,Bachelors degree,61646
Anjali Thorat,45,Female,PhD or equivalent,23242
Nikhil Joshi,37,Male,High school or less,47980
Rohit Dharmadhikari,21,Male,Bachelors degree,59932
Gaurav Salunke,34,Male,Masters degree,40627
Chaitanya Bhise,31,Male,High school or less,18972
Chaitanya Sawant,38,Male,PhD or equivalent,62023
Mahesh Dhole,44,Male,Bachelors degree,28251
Swapnil Thorat,39,Male,Bachelors degree,64725
Kiran Shinde,20,Male,Some college/Associates degree,69275
Pranav Bhise,30,Male,High school or less,42489
Gaurav Patil,60,Male,Masters degree,37004
Manisha Kulkarni,38,Female,Some college/Associates degree,43191
Kiran Thorat,48,Male,High school or less,16216
Rohit Salunke,48,Male,Some college/Associates degree,43925
Ashwini Pawar,44,Female,Bachelors degree,28582
Kiran Joshi,33,Male,Bachelors degree,32084
Vaishnavi Bhise,32,Female,PhD or equivalent,50711
Manisha Shinde,29,Female,Masters degree,34506
Harshada Salunke,48,Female,Bachelors degree,56853
Ashwini Salunke,38,Female,Masters degree,47676
Dipti Nayak,35,Female,Masters degree,36365
Aditya Jadhav,33,Male,High school or less,59947
Vaishnavi Sawant,29,Female,PhD or equivalent,37707
Pooja Patil,35,Female,Some college/Associates degree,56514
Pranav Joshi,52,Male,Bachelors degree,19324
Chaitanya Patil,50,Male,High school or less,37518
Aishwarya Bhise,58,Female,Some college/Associates degree,25008
Nikhil Joshi,33,Male,PhD or equivalent,44495
Chaitanya Patil,37,Male,PhD or equivalent,17044
Vaishnavi Thorat,30,Female,Some college/Associates degree,37600
Rohit Sawant,42,Male,Masters degree,16212
Swapnil Pawar,29,Male,Masters degree,61381
Pooja Kadam,49,Female,High school or less,18047
Manisha Bhosale,28,Female,Some college/Associates degree,18418
Anjali Phadke,22,Female,PhD or equivalent,68739
Pooja Dharmadhikari,32,Female,PhD or equivalent,38805
Vaishnavi Nayak,48,Female,Bachelors degree,55796
Harshada Salunke,59,Female,Some college/Associates degree,22944
Harshada Chavan,53,Female,High school or less,50426
Vaishnavi Dharmadhikari,31,Female,Bachelors degree,48601
Nikhil Phadke,26,Male,High school or less,62446
Ashwini Bhise,53,Female,Some college/Associates degree,63354
Harshada Dhole,25,Female,Masters degree,35448
Gaurav Patil,42,Male,Bachelors degree,28128
Pooja Dharmadhikari,30,Female,Masters degree,45317
Pooja Kadam,39,Female,Masters degree,25409
Kiran Patil,48,Male,High school or less,42455
Pooja Dhole,50,Female,PhD or equivalent,23734
Dipti Pawar,52,Female,Some college/Associates degree,65025
Rohit Kadam,41,Male,Some college/Associates degree,22152
Dipti Dharmadhikari,44,Female,Bachelors degree,48057
Pranav Chavan,35,Male,Some college/Associates degree,41179
Pranav Phadke,25,Male,High school or less,56001
Harshada Kulkarni,50,Female,Some college/Associates degree,25015
Aishwarya Thorat,29,Female,Masters degree,65829
Aditya Bhosale,32,Male,Bachelors degree,30871
Dipti Thorat,20,Female,PhD or equivalent,68946
Akshay Joshi,33,Male,High school or less,28340
Dipti Nayak,38,Female,Some college/Associates degree,47110
Vaishnavi Patil,46,Female,PhD or equivalent,18238
Kiran Bhise,50,Male,Bachelors degree,30088
Akshay Shinde,45,Male,Masters degree,35061
Vaishnavi Jadhav,38,Female,Some college/Associates degree,65710
Vaishnavi More,60,Female,Bachelors degree,65490
Ashwini Jadhav,57,Female,Some college/Associates degree,21047
Vaishnavi Pawar,46,Female,Some college/Associates degree,49504
Swapnil Patil,47,Male,High school or less,21502
Swapnil Thorat,39,Male,Some college/Associates degree,50778
Kiran Salunke,32,Male,PhD or equivalent,31761
Snehal More,31,Female,Masters degree,61695
Chaitanya Bhise,34,Male,High school or less,19250
Harshada Joshi,26,Female,High school or less,49445
Ashwini Deshmukh,24,Female,Some college/Associates degree,50053
Aishwarya Salunke,56,Female,Some college/Associates degree,54559
Snehal Salunke,45,Female,Some college/Associates degree,42571
Gaurav Gokhale,56,Male,Some college/Associates degree,28809
Harshada Gokhale,24,Female,Some college/Associates degree,69281
Akshay Salunke,58,Male,PhD or equivalent,38560
Kiran Kadam,54,Male,Some college/Associates degree,61882
Anjali Jadhav,22,Female,Bachelors degree,21708
Aishwarya Sawant,25,Female,High school or less,36198
Nikhil Kadam,28,Male,PhD or equivalent,60071
Pooja Chavan,29,Female,PhD or equivalent,65075
Mahesh More,55,Male,Masters degree,65242
Chaitanya Bhosale,59,Male,Some college/Associates degree,30975
Arjun Bhosale,41,Male,High school or less,57109
Aishwarya Bhise,43,Female,Bachelors degree,21056
Kiran Kadam,47,Male,Bachelors degree,49946
Aishwarya Pawar,39,Female,High school or less,41199
Arjun Kulkarni,25,Male,High school or less,16858
Nikhil Thorat,36,Male,Bachelors degree,54118
Aishwarya Pawar,26,Female,PhD or equivalent,19365
Vaishnavi Pawar,56,Female,Masters degree,61038
Harshada Bhosale,33,Female,Bachelors degree,33178
Aishwarya Kadam,25,Female,Bachelors degree,18199
Vaishnavi Joshi,60,Female,Some college/Associates degree,68318
Ashwini Jadhav,38,Female,PhD or equivalent,46773
Anjali Kadam,32,Female,Some college/Associates degree,18581
Gaurav Chavan,60,Male,High school or less,50596
Chaitanya Deshmukh,52,Male,Some college/Associates degree,66494
Kiran Nayak,23,Male,Bachelors degree,33361
Vaishnavi Dhole,26,Female,Some college/Associates degree,32956
Aishwarya Kadam,20,Female,Bachelors degree,15405
Manisha Nayak,24,Female,High school or less,55723
Snehal Kulkarni,21,Female,PhD or equivalent,50933
Manisha Kadam,42,Female,PhD or equivalent,25779
Gaurav Phadke,30,Male,High school or less,18558
Gaurav Patil,38,Male,PhD or equivalent,36697
Mahesh Bhosale,31,Male,Some college/Associates degree,31993
Pranav Pawar,54,Male,Bachelors degree,57663
Manisha Nayak,32,Female,PhD or equivalent,59873
Manisha More,37,Female,PhD or equivalent,34332
Manisha Chavan,29,Female,PhD or equivalent,57757
Nikhil Jadhav,58,Male,High school or less,40310
Vaishnavi Salunke,48,Female,PhD or equivalent,16974
Mahesh Thorat,23,Male,High school or less,69586
Pranav Dharmadhikari,58,Male,Some college/Associates degree,32530
Ashwini Salunke,35,Female,Some college/Associates degree,24689
Ashwini Joshi,37,Female,Masters degree,45179
Manisha Joshi,32,Female,High school or less,48035
Manisha Dhole,59,Female,Masters degree,48510
Ashwini Shinde,28,Female,Bachelors degree,66560
Swapnil Patil,44,Male,Some college/Associates degree,50243
Ashwini Patil,41,Female,Bachelors degree,53665
Aditya Jadhav,38,Male,Masters degree,58683
Pranav Patil,40,Male,High school or less,26023
Arjun Dharmadhikari,21,Male,Some college/Associates degree,17201
Dipti Joshi,43,Female,Masters degree,38229
Swapnil Joshi,57,Male,Some college/Associates degree,62728
Chaitanya More,55,Male,High school or less,69320
Vaishnavi Phadke,26,Female,Some college/Associates degree,22606
Manisha Joshi,22,Female,High school or less,22571
Pranav Salunke,25,Male,Some college/Associates degree,30992
Manisha Sawant,52,Female,Masters degree,30857
Dipti Pawar,21,Female,PhD or equivalent,19942
Pooja Joshi,31,Female,High school or less,43292
Snehal Chavan,53,Female,Some college/Associates degree,32048
Snehal Patil,31,Female,Bachelors degree,38418
Akshay More,42,Male,Bachelors degree,38696
Pooja Thorat,41,Female,Masters degree,38443
Nikhil Bhosale,25,Male,Bachelors degree,64677
Rohit Salunke,40,Male,Some college/Associates degree,23016
Snehal Dhole,32,Female,High school or less,51191
Pooja Thorat,44,Female,Masters degree,64254
Pranav Kadam,36,Male,High school or less,65480
Harshada Phadke,50,Female,PhD or equivalent,63196
Kiran Gokhale,39,Male,High school or less,54300
Kiran Dharmadhikari,47,Male,Bachelors degree,34063
Aishwarya Phadke,48,Female,Masters degree,20012
Manisha Shinde,24,Female,Some college/Associates degree,35705
Kiran More,43,Male,High school or less,26465
Aditya More,34,Male,High school or less,42365
Dipti Patil,37,Female,Some college/Associates degree,35458
Chaitanya Sawant,57,Male,Masters degree,65642
Arjun Nayak,35,Male,Bachelors degree,24973
Manisha Patil,50,Female,High school or less,26371
Gaurav Gokhale,57,Male,Bachelors degree,51442
Aditya Kadam,54,Male,PhD or equivalent,48414
Chaitanya Kulkarni,31,Male,Bachelors degree,69973
Aishwarya Phadke,56,Female,High school or less,21749
Ashwini Gokhale,25,Female,High school or less,67364
Harshada Sawant,31,Female,PhD or equivalent,33621
Pranav More,34,Male,Masters degree,51099
Nikhil Dhole,42,Male,Bachelors degree,31408
Manisha Deshmukh,32,Female,Bachelors degree,37520
Pooja More,52,Female,Bachelors degree,67588
Ashwini Thorat,32,Female,Some college/Associates degree,54576
Dipti Shinde,20,Female,Bachelors degree,23996
Rohit Jadhav,47,Male,Some college/Associates degree,67699
Vaishnavi Dhole,57,Female,Some college/Associates degree,35287
Gaurav Chavan,28,Male,High school or less,53744
Vaishnavi Phadke,58,Female,Masters degree,68294
Nikhil Dharmadhikari,28,Male,Bachelors degree,29317
Dipti Jadhav,51,Female,Some college/Associates degree,38855
Swapnil Dhole,30,Male,Bachelors degree,58891
Vaishnavi Chavan,39,Female,PhD or equivalent,21773
Manisha Dhole,36,Female,PhD or equivalent,68955
Dipti Sawant,46,Female,Masters degree,64816
Pranav Salunke,23,Male,PhD or equivalent,31346
Nikhil Deshmukh,37,Male,Some college/Associates degree,32111
Aditya Kulkarni,30,Male,Some college/Associates degree,29997
Chaitanya Thorat,55,Male,Some college/Associates degree,63756
Swapnil Joshi,41,Male,High school or less,39955
Aditya Jadhav,41,Male,Some college/Associates degree,61221
Swapnil Shinde,39,Male,Bachelors degree,55609
Harshada Kulkarni,48,Female,Masters degree,27238
Swapnil Nayak,50,Male,Masters degree,21210
Manisha Sawant,24,Female,PhD or equivalent,48235
Arjun Salunke,25,Male,High school or less,43690
Rohit Kadam,24,Male,Bachelors degree,54378
Ashwini Chavan,24,Female,Bachelors degree,44696
Dipti Salunke,34,Female,Some college/Associates degree,62506
Vaishnavi Chavan,48,Female,PhD or equivalent,62608
Snehal More,35,Female,High school or less,24922
Manisha Shinde,28,Female,Masters degree,40943
Ashwini Kadam,59,Female,Bachelors degree,34830
Anjali Pawar,20,Female,Some college/Associates degree,46932
Swapnil Dhole,46,Male,Some college/Associates degree,58364
Gaurav Dharmadhikari,21,Male,High school or less,21936
Mahesh Dhole,34,Male,Bachelors degree,26192
Aditya Gokhale,59,Male,PhD or equivalent,29470
Swapnil More,36,Male,Masters degree,47371
Kiran More,56,Male,Masters degree,46813
Akshay Kadam,43,Male,High school or less,33384
Manisha Sawant,32,Female,High school or less,53034
Manisha Joshi,43,Female,Some college/Associates degree,61903
Aditya Pawar,43,Male,Masters degree,33343
Swapnil Chavan,52,Male,Some college/Associates degree,61795
Akshay Phadke,49,Male,Masters degree,47500
Vaishnavi Kadam,24,Female,Some college/Associates degree,27039
Nikhil Salunke,35,Male,Masters degree,60697
Nikhil Salunke,56,Male,Masters degree,29972
Akshay Nayak,32,Male,Some college/Associates degree,31424
Dipti Chavan,44,Female,Masters degree,69517
Aditya Nayak,34,Male,Some college/Associates degree,40830
Dipti Deshmukh,41,Female,Masters degree,34633
Chaitanya Dhole,33,Male,Masters degree,51560
Pranav Chavan,24,Male,High school or less,53849
Dipti Dharmadhikari,57,Female,High school or less,20386
Vaishnavi Gokhale,23,Female,PhD or equivalent,53272
Mahesh Dhole,26,Male,Masters degree,40918
Aishwarya More,48,Female,High school or less,38298
Dipti Dharmadhikari,25,Female,Masters degree,18903
Pooja Thorat,25,Female,Masters degree,42059
Pranav Nayak,42,Male,High school or less,39208
Manisha Phadke,27,Female,PhD or equivalent,22757
Rohit Jadhav,45,Male,Some college/Associates degree,30998
Mahesh Thorat,43,Male,High school or less,26029
Gaurav Patil,56,Male,Some college/Associates degree,61631
Harshada Pawar,43,Female,Some college/Associates degree,20377
Snehal Pawar,37,Female,PhD or equivalent,42728
Swapnil Bhosale,21,Male,Some college/Associates degree,22607
Manisha Dharmadhikari,22,Female,Bachelors degree,52025
Anjali Bhise,25,Female,Some college/Associates degree,35738
Aditya Kadam,48,Male,Masters degree,39588
Swapnil Deshmukh,38,Male,High school or less,24561
Snehal Dhole,50,Female,Bachelors degree,35568
Anjali Shinde,26,Female,Some college/Associates degree,26259
Vaishnavi Dharmadhikari,21,Female,PhD or equivalent,40444
Swapnil Kulkarni,45,Male,Masters degree,42532
Pooja Phadke,43,Female,Masters degree,20043
Ashwini Shinde,49,Female,Bachelors degree,64718
Dipti Patil,34,Female,Masters degree,38579
Pooja Kulkarni,44,Female,PhD or equivalent,52164
Snehal Salunke,37,Female,High school or less,54934
Manisha Jadhav,52,Female,High school or less,53991
Mahesh Thorat,33,Male,Bachelors degree,20973
Nikhil Joshi,46,Male,PhD or equivalent,46988
Harshada More,45,Female,Bachelors degree,23624
Pranav Gokhale,35,Male,PhD or equivalent,64957
Harshada Bhosale,41,Female,Masters degree,27545
Rohit Kadam,50,Male,Masters degree,63016
Anjali More,52,Female,Bachelors degree,64329
Harshada Kadam,25,Female,Masters degree,27747
Ashwini Phadke,24,Female,High school or less,30445
Aishwarya Kadam,35,Female,Some college/Associates degree,56504
Aishwarya Bhise,27,Female,Some college/Associates degree,27115
Pranav Salunke,33,Male,High school or less,56403
Snehal Phadke,38,Female,High school or less,36761
Snehal More,24,Female,High school or less,61834
Aishwarya Sawant,51,Female,PhD or equivalent,53898
Rohit Salunke,34,Male,Bachelors degree,49498
Rohit Dhole,30,Male,High school or less,29922
Harshada Sawant,40,Female,PhD or equivalent,66376
Swapnil Dharmadhikari,47,Male,High school or less,43463
Dipti Thorat,47,Female,PhD or equivalent,22089
Snehal Thorat,38,Female,Some college/Associates degree,35378
Ashwini Kadam,59,Female,High school or less,19107
Gaurav Shinde,37,Male,Some college/Associates degree,65436
Mahesh Sawant,30,Male,Some college/Associates degree,26985
Arjun Joshi,51,Male,Bachelors degree,52678
Swapnil Nayak,58,Male,Bachelors degree,46663
Snehal Dharmadhikari,55,Female,High school or less,31231
Aditya Salunke,53,Male,Some college/Associates degree,26404
Kiran Salunke,55,Male,Some college/Associates degree,34237
Snehal More,24,Female,Some college/Associates degree,62990
Swapnil Dhole,25,Male,PhD or equivalent,51420
Manisha Deshmukh,36,Female,Some college/Associates degree,41561
Pranav Joshi,47,Male,Masters degree,35902
Arjun Dharmadhikari,25,Male,High school or less,44761
Arjun Kadam,51,Male,Masters degree,51967
Nikhil Salunke,42,Male,Bachelors degree,31387
Pooja Patil,26,Female,Some college/Associates degree,33010
Pranav Kadam,20,Male,Bachelors degree,26681
Ashwini Thorat,26,Female,Bachelors degree,41132
Aishwarya Kulkarni,52,Female,High school or less,37023
Arjun Patil,48,Male,Some college/Associates degree,58077
Rohit Bhise,41,Male,High school or less,35113
Snehal Kulkarni,36,Female,Masters degree,40809
Swapnil Dharmadhikari,46,Male,PhD or equivalent,34487
Kiran Chavan,47,Male,Masters degree,29177
Anjali Gokhale,47,Female,High school or less,42209
Chaitanya More,45,Male,High school or less,36869
Snehal Sawant,32,Female,Bachelors degree,51812
Vaishnavi Joshi,53,Female,Masters degree,39251
Dipti Phadke,44,Female,High school or less,25609
Kiran Sawant,47,Male,Bachelors degree,19965
Aditya Thorat,37,Male,Some college/Associates degree,37891
Arjun Dhole,49,Male,Some college/Associates degree,52265
Kiran Gokhale,33,Male,Some college/Associates degree,69005
Swapnil Sawant,46,Male,Bachelors degree,49787
Kiran Patil,31,Male,Some college/Associates degree,27709
Nikhil Dhole,56,Male,Masters degree,52826
Manisha Kulkarni,22,Female,Masters degree,60792
Dipti Sawant,34,Female,Some college/Associates degree,63841
Ashwini Joshi,58,Female,Some college/Associates degree,68892
Pooja Kadam,36,Female,Masters degree,36148
Aishwarya Dhole,47,Female,Some college/Associates degree,48276
Pooja Chavan,20,Female,High school or less,65826
Anjali Dhole,42,Female,Bachelors degree,49624
Manisha Kadam,45,Female,Masters degree,25143
Chaitanya Joshi,30,Male,High school or less,45550
Snehal More,56,Female,PhD or equivalent,23715
Arjun Chavan,37,Male,PhD or equivalent,36005
Dipti Bhosale,20,Female,Masters degree,20405
Chaitanya Kulkarni,26,Male,Some college/Associates degree,63424
Ashwini Dhole,39,Female,PhD or equivalent,40284
Manisha Kadam,46,Female,PhD or equivalent,50290
Akshay Phadke,32,Male,Masters degree,28370
Rohit Joshi,46,Male,High school or less,35493
Ashwini Thorat,42,Female,Some college/Associates degree,55662
Swapnil Bhise,23,Male,PhD or equivalent,67077
Nikhil More,29,Male,Bachelors degree,52771
Dipti Bhise,27,Female,Masters degree,41417
Aishwarya Sawant,47,Female,Masters degree,44861
Snehal Pawar,39,Female,Masters degree,22322
Snehal Sawant,50,Female,Some college/Associates degree,27740
Snehal Dharmadhikari,25,Female,Some college/Associates degree,51208
Anjali Phadke,31,Female,Bachelors degree,42367
Aishwarya Jadhav,23,Female,Masters degree,51187
Anjali Thorat,53,Female,Some college/Associates degree,38323
Pranav Phadke,57,Male,Bachelors degree,25238
Aishwarya Pawar,57,Female,Bachelors degree,16363
Gaurav Jadhav,47,Male,Bachelors degree,15800
Pooja Salunke,42,Female,High school or less,60719
Pranav Patil,31,Male,High school or less,65232
Arjun Chavan,59,Male,Bachelors degree,20055
Anjali Dharmadhikari,49,Female,Masters degree,16783
Dipti Deshmukh,22,Female,Some college/Associates degree,61330
Snehal Kadam,41,Female,PhD or equivalent,61262
Nikhil Sawant,27,Male,Bachelors degree,64283
Mahesh Phadke,20,Male,Masters degree,58017
Anjali Sawant,38,Female,PhD or equivalent,15677
Ashwini Nayak,20,Female,Some college/Associates degree,27421
Manisha Kadam,57,Female,PhD or equivalent,16091
Mahesh Shinde,50,Male,Masters degree,23645
Pooja Phadke,42,Female,PhD or equivalent,34404
Ashwini Thorat,55,Female,Bachelors degree,62060
Anjali Thorat,46,Female,PhD or equivalent,34958
Manisha Kulkarni,59,Female,Masters degree,42800
Manisha Bhosale,46,Female,Masters degree,29526
Harshada Sawant,47,Female,Some college/Associates degree,46927
Ashwini Thorat,20,Female,High school or less,67810
Aishwarya Jadhav,42,Female,Masters degree,53250
Nikhil Sawant,36,Male,Some college/Associates degree,16471
Akshay Salunke,47,Male,High school or less,47409
Anjali Jadhav,23,Female,Some college/Associates degree,68990
Mahesh Pawar,46,Male,PhD or equivalent,33529
Snehal Bhosale,36,Female,Some college/Associates degree,46560
Aditya More,47,Male,Bachelors degree,23048
Aishwarya Kulkarni,54,Female,Masters degree,47913
Manisha Salunke,55,Female,Some college/Associates degree,52164
Nikhil Nayak,30,Male,Masters degree,25780
Kiran Kadam,57,Male,Some college/Associates degree,51914
Pooja Dhole,27,Female,High school or less,16870
Chaitanya Kadam,20,Male,Bachelors degree,35620
Vaishnavi Kadam,57,Female,Some college/Associates degree,37709
Vaishnavi Patil,26,Female,High school or less,15767
Chaitanya Phadke,24,Male,Some college/Associates degree,26747
Snehal Bhosale,31,Female,Bachelors degree,19467
Dipti Sawant,38,Female,High school or less,31771
Rohit Patil,48,Male,Masters degree,42673
Mahesh Kulkarni,24,Male,Some college/Associates degree,31963
Anjali Sawant,40,Female,Bachelors degree,59738
Anjali Salunke,51,Female,Bachelors degree,20262
Pooja Phadke,44,Female,Bachelors degree,29118
Harshada More,34,Female,Bachelors degree,42984
Chaitanya Bhise,34,Male,Bachelors degree,31456
Aishwarya Sawant,45,Female,PhD or equivalent,16196
Dipti Joshi,54,Female,Masters degree,34520
Pooja Phadke,27,Female,Bachelors degree,62996
Harshada Jadhav,26,Female,Bachelors degree,38456
Vaishnavi Sawant,54,Female,PhD or equivalent,42314
Pranav Deshmukh,29,Male,Bachelors degree,59488
Aditya Nayak,20,Male,Bachelors degree,42208
Aishwarya Dharmadhikari,33,Female,Bachelors degree,45368
Nikhil Pawar,36,Male,Bachelors degree,42127
Aishwarya Chavan,59,Female,PhD or equivalent,47607
Pranav Kadam,38,Male,Masters degree,22220
Rohit More,59,Male,Bachelors degree,57925
Kiran Jadhav,36,Male,Masters degree,38848
Ashwini Jadhav,26,Female,PhD or equivalent,15349
Kiran Kulkarni,36,Male,PhD or equivalent,28659
Manisha Salunke,46,Female,PhD or equivalent,59312
Anjali Pawar,37,Female,High school or less,18007
Chaitanya Bhise,24,Male,PhD or equivalent,32313
Manisha Gokhale,59,Female,Bachelors degree,30462
Manisha Phadke,35,Female,High school or less,40286
Pooja Thorat,33,Female,High school or less,49581
Kiran Joshi,50,Male,Masters degree,50933
Harshada Dharmadhikari,36,Female,Masters degree,27255
Ashwini More,25,Female,Some college/Associates degree,67295
Chaitanya Kadam,51,Male,Masters degree,15346
Chaitanya Patil,48,Male,Bachelors degree,17191
Mahesh Nayak,36,Male,Some college/Associates degree,61753
Akshay Jadhav,35,Male,High school or less,49204
Chaitanya Joshi,20,Male,Some college/Associates degree,67326
Aditya Joshi,23,Male,High school or less,34737
Mahesh Kadam,50,Male,Some college/Associates degree,25975
Harshada Gokhale,20,Female,PhD or equivalent,68095
Aishwarya Chavan,29,Female,Masters degree,36199
Kiran Patil,52,Male,Masters degree,54910
Nikhil Kulkarni,41,Male,Masters degree,36339
Manisha Dhole,32,Female,Masters degree,15555
Rohit Patil,35,Male,PhD or equivalent,30702
Aditya Sawant,31,Male,High school or less,45698
Anjali Joshi,21,Female,Some college/Associates degree,63267
Gaurav Shinde,23,Male,Some college/Associates degree,55392
Mahesh Bhosale,28,Male,High school or less,51858
Pranav Gokhale,25,Male,PhD or equivalent,60009
Nikhil Kadam,44,Male,Bachelors degree,36146
Nikhil More,52,Male,Bachelors degree,60707
Anjali Chavan,51,Female,Some college/Associates degree,64218
Kiran Bhosale,47,Male,High school or less,64372
Manisha Shinde,34,Female,PhD or equivalent,66875
Aishwarya Jadhav,23,Female,Bachelors degree,41427
Manisha Bhise,58,Female,Bachelors degree,56908
Pranav Nayak,51,Male,Masters degree,67788
Gaurav Patil,41,Male,PhD or equivalent,52686
Snehal Dharmadhikari,37,Female,Masters degree,49725
Akshay More,28,Male,High school or less,68055
Rohit Thorat,26,Male,Bachelors degree,52129
Aditya More,43,Male,Bachelors degree,25650
Manisha Kadam,33,Female,Bachelors degree,61342
Pooja Chavan,21,Female,Some college/Associates degree,32056
Manisha More,38,Female,Bachelors degree,46385
Pranav Sawant,50,Male,High school or less,57396
Ashwini Phadke,35,Female,Bachelors degree,15847
Anjali Jadhav,24,Female,Masters degree,63752
Mahesh Dharmadhikari,28,Male,High school or less,30825
Pranav Bhosale,29,Male,Bachelors degree,57628
Ashwini Thorat,45,Female,High school or less,24709
Nikhil Gokhale,51,Male,PhD or equivalent,40046
Kiran Thorat,24,Male,Masters degree,27277
Snehal Dhole,29,Female,Some college/Associates degree,18762
Anjali Shinde,26,Female,High school or less,59835
Mahesh Kulkarni,46,Male,Bachelors degree,42786
Vaishnavi Deshmukh,22,Female,Some college/Associates degree,43188
Manisha Pawar,38,Female,PhD or equivalent,31848
Aishwarya Dhole,56,Female,Some college/Associates degree,43192
Anjali Kadam,23,Female,Bachelors degree,40891
Anjali Bhosale,46,Female,PhD or equivalent,55992
Swapnil Thorat,30,Male,Some college/Associates degree,40111
Nikhil Nayak,54,Male,Some college/Associates degree,42574
Swapnil Thorat,54,Male,Bachelors degree,67682
Vaishnavi Jadhav,57,Female,PhD or equivalent,52806
Vaishnavi Patil,51,Female,Some college/Associates degree,48528
Snehal Shinde,36,Female,Masters degree,40042
Nikhil Salunke,28,Male,Masters degree,29865
Arjun Kulkarni,52,Male,Some college/Associates degree,42386
Vaishnavi Kulkarni,59,Female,PhD or equivalent,35576
Harshada Gokhale,31,Female,Some college/Associates degree,39187
Rohit Chavan,57,Male,Masters degree,53843
Pranav Salunke,42,Male,High school or less,34031
Aditya Bhosale,49,Male,Bachelors degree,38445
Aishwarya Gokhale,23,Female,Some college/Associates degree,32807
Anjali More,28,Female,High school or less,29473
Akshay Sawant,28,Male,Masters degree,29210
Ashwini Patil,46,Female,Masters degree,28761
Chaitanya Kadam,57,Male,Masters degree,65767
Anjali Pawar,28,Female,High school or less,39978
Pooja Shinde,27,Female,PhD or equivalent,15473
Rohit Kadam,36,Male,Some college/Associates degree,61474
Rohit Jadhav,55,Male,High school or less,38573
Harshada Bhosale,45,Female,Bachelors degree,37862
Snehal Dhole,38,Female,High school or less,69436
Rohit Patil,53,Male,Some college/Associates degree,28182
Dipti Salunke,49,Female,Masters degree,47671
Akshay More,29,Male,PhD or equivalent,31826
Snehal Dhole,59,Female,High school or less,65050
Gaurav Kulkarni,38,Male,PhD or equivalent,27755
Harshada Nayak,50,Female,Bachelors degree,18682
Aditya Jadhav,48,Male,Some college/Associates degree,60501
Anjali Dharmadhikari,32,Female,PhD or equivalent,30213
Arjun Deshmukh,56,Male,Masters degree,36267
Akshay Chavan,47,Male,High school or less,49100
Snehal Dharmadhikari,38,Female,PhD or equivalent,42544
Rohit Chavan,20,Male,High school or less,66457
Harshada Phadke,54,Female,Masters degree,36773
Arjun Shinde,45,Male,Bachelors degree,22632
Pranav Salunke,34,Male,PhD or equivalent,58257
Akshay Joshi,56,Male,PhD or equivalent,15680
Vaishnavi Joshi,52,Female,Bachelors degree,52186
Nikhil Gokhale,34,Male,PhD or equivalent,39598
Aishwarya Joshi,20,Female,Some college/Associates degree,31839
Aishwarya Kulkarni,42,Female,Bachelors degree,58326
Mahesh Nayak,25,Male,Bachelors degree,21504
Nikhil More,39,Male,Masters degree,39315
Aditya Kadam,31,Male,High school or less,15388
Gaurav Phadke,41,Male,Some college/Associates degree,35156
Manisha Salunke,49,Female,Some college/Associates degree,48945
Aditya Deshmukh,24,Male,Masters degree,65230
Snehal More,52,Female,Masters degree,30660
Arjun Nayak,39,Male,High school or less,25565
Ashwini Pawar,48,Female,Bachelors degree,31465
Aishwarya Shinde,30,Female,Some college/Associates degree,68490
Snehal More,57,Female,Bachelors degree,62058
Chaitanya Dhole,32,Male,Masters degree,29986
Mahesh Patil,46,Male,Some college/Associates degree,26355
Dipti Chavan,43,Female,PhD or equivalent,21236
Aditya Kulkarni,56,Male,Some college/Associates degree,67466
Arjun Pawar,27,Male,High school or less,27951
Anjali Chavan,58,Female,PhD or equivalent,61592
Nikhil Shinde,25,Male,Masters degree,54709
Aditya Chavan,48,Male,High school or less,67990
Kiran Jadhav,27,Male,Masters degree,59161
Ashwini Phadke,53,Female,High school or less,24580
Dipti Shinde,25,Female,PhD or equivalent,43571
Kiran Pawar,22,Male,Masters degree,43761
Arjun Nayak,35,Male,Masters degree,47788
Kiran Bhosale,40,Male,Bachelors degree,26090
Arjun Salunke,43,Male,Some college/Associates degree,19769
Chaitanya Deshmukh,59,Male,Masters degree,48969
Harshada Dhole,40,Female,High school or less,43831
Vaishnavi Pawar,47,Female,Bachelors degree,56725
Pranav Pawar,54,Male,Some college/Associates degree,51966
Swapnil Dharmadhikari,58,Male,Some college/Associates degree,42430
Pranav Joshi,38,Male,Bachelors degree,35966
Chaitanya Pawar,58,Male,Some college/Associates degree,33157
Dipti Bhosale,30,Female,Masters degree,20545
Harshada Phadke,52,Female,Some college/Associates degree,38552
Vaishnavi Dharmadhikari,24,Female,Bachelors degree,28623
Ashwini More,30,Female,Bachelors degree,62987
Akshay Deshmukh,23,Male,Masters degree,50174
Chaitanya Thorat,53,Male,High school or less,50035
Anjali Bhosale,53,Female,PhD or equivalent,54393
Aishwarya Deshmukh,49,Female,PhD or equivalent,41797
Chaitanya Pawar,39,Male,Bachelors degree,61237
Harshada Dharmadhikari,24,Female,Bachelors degree,42340
Gaurav Nayak,59,Male,Some college/Associates degree,43188
Aishwarya Dhole,53,Female,Bachelors degree,20722
Vaishnavi Gokhale,38,Female,Bachelors degree,41288
Kiran Shinde,42,Male,Bachelors degree,63344
Ashwini Salunke,51,Female,Some college/Associates degree,38177
Vaishnavi Sawant,36,Female,High school or less,50232
Aishwarya Jadhav,38,Female,Some college/Associates degree,49763
Manisha More,52,Female,Masters degree,43641
Vaishnavi Dharmadhikari,46,Female,High school or less,32707
Harshada Sawant,52,Female,PhD or equivalent,51261
Ashwini Chavan,33,Female,High school or less,28915
Rohit Nayak,49,Male,Masters degree,58871
Mahesh Deshmukh,54,Male,PhD or equivalent,22142
Vaishnavi Bhosale,41,Female,Bachelors degree,49716
Akshay Sawant,22,Male,Bachelors degree,36694
Akshay Kulkarni,38,Male,Masters degree,39588
Kiran Sawant,33,Male,Bachelors degree,15926
Snehal Bhosale,34,Female,Masters degree,60239
Chaitanya Deshmukh,41,Male,High school or less,29148
Pooja Bhosale,50,Female,PhD or equivalent,50640
Akshay More,23,Male,Some college/Associates degree,46008
Harshada Kulkarni,54,Female,High school or less,56674
Ashwini Joshi,33,Female,High school or less,66039
Anjali Kadam,50,Female,High school or less,67322
Manisha Kulkarni,29,Female,Masters degree,40051
Ashwini Gokhale,27,Female,Some college/Associates degree,53534
Nikhil Salunke,22,Male,High school or less,29418
Snehal Thorat,34,Female,PhD or equivalent,37095
Chaitanya Joshi,59,Male,Bachelors degree,29452
Aishwarya Chavan,48,Female,Bachelors degree,53505
Nikhil Jadhav,22,Male,Masters degree,65255
Kiran Bhise,28,Male,Masters degree,53480
Dipti Dharmadhikari,54,Female,Bachelors degree,20269
Kiran Joshi,58,Male,High school or less,48922
Rohit Kadam,53,Male,Bachelors degree,27501
Arjun Jadhav,34,Male,High school or less,45384
Swapnil Salunke,21,Male,Bachelors degree,29450
Chaitanya Pawar,35,Male,PhD or equivalent,25531
Mahesh Sawant,47,Male,High school or less,16077
Anjali Thorat,32,Female,High school or less,46497
Pranav Shinde,57,Male,Some college/Associates degree,69607
Gaurav More,29,Male,High school or less,39468
Anjali Joshi,32,Female,PhD or equivalent,18525
Chaitanya Dharmadhikari,30,Male,PhD or equivalent,40606
Mahesh Gokhale,56,Male,Masters degree,16782
Nikhil Salunke,41,Male,Bachelors degree,22998
Swapnil Pawar,43,Male,Masters degree,56343
Swapnil Kadam,58,Male,High school or less,50763
Dipti Patil,53,Female,Masters degree,24637
Vaishnavi Sawant,22,Female,High school or less,63704
Snehal Bhosale,60,Female,High school or less,67017
Dipti Sawant,36,Female,High school or less,16806
Manisha Kadam,26,Female,Some college/Associates degree,37989
Aditya Pawar,38,Male,Bachelors degree,61359
Aishwarya Deshmukh,47,Female,PhD or equivalent,50159
Aishwarya Nayak,22,Female,Some college/Associates degree,23082
Gaurav Bhosale,52,Male,Some college/Associates degree,60857
Rohit More,32,Male,Bachelors degree,36459
Rohit Dharmadhikari,60,Male,Masters degree,23604
Arjun Sawant,49,Male,Bachelors degree,54914
Aishwarya Dhole,44,Female,Masters degree,69389
Pranav Jadhav,43,Male,Some college/Associates degree,37913
Ashwini Patil,42,Female,Bachelors degree,18825
Chaitanya Nayak,49,Male,High school or less,43020
Vaishnavi Thorat,44,Female,Bachelors degree,63076
Rohit Gokhale,44,Male,Some college/Associates degree,28459
Aditya Salunke,47,Male,Bachelors degree,36168
Kiran Sawant,34,Male,Bachelors degree,36795
Rohit Gokhale,58,Male,Some college/Associates degree,51517
Chaitanya Kadam,30,Male,High school or less,30512
Swapnil Shinde,46,Male,Masters degree,22297
Gaurav Pawar,44,Male,Some college/Associates degree,38186
Anjali Gokhale,43,Female,Masters degree,45809
Akshay Thorat,53,Male,High school or less,59805
Pranav Thorat,51,Male,Some college/Associates degree,26963
Aishwarya Gokhale,55,Female,Masters degree,32157
Dipti Sawant,49,Female,Masters degree,50368
Dipti Dharmadhikari,55,Female,Bachelors degree,40118
Rohit Thorat,29,Male,Bachelors degree,29444
Dipti Kulkarni,29,Female,PhD or equivalent,28822
Chaitanya Pawar,37,Male,Some college/Associates degree,17078
Akshay Salunke,29,Male,Masters degree,15775
Aditya Dhole,48,Male,PhD or equivalent,63429
Aditya Phadke,27,Male,Some college/Associates degree,48991
Chaitanya Shinde,43,Male,Bachelors degree,33189
Ashwini Chavan,58,Female,Bachelors degree,24606
Gaurav Kadam,41,Male,Some college/Associates degree,41692
Aishwarya Dharmadhikari,21,Female,Bachelors degree,59410
Rohit Bhise,51,Male,Some college/Associates degree,20150
Ashwini Thorat,20,Female,Some college/Associates degree,48492
Nikhil Salunke,35,Male,Bachelors degree,51014
Harshada Chavan,54,Female,PhD or equivalent,66472
Anjali Phadke,53,Female,High school or less,61357
Rohit More,25,Male,Bachelors degree,23068
Harshada Phadke,39,Female,Masters degree,30841
Mahesh Nayak,23,Male,PhD or equivalent,19085
Anjali Pawar,38,Female,Bachelors degree,22474
Akshay Jadhav,56,Male,Some college/Associates degree,52796
Harshada Joshi,35,Female,Masters degree,26079
Arjun Pawar,38,Male,Some college/Associates degree,16881
Snehal Gokhale,32,Female,High school or less,57508
Vaishnavi Shinde,39,Female,Some college/Associates degree,27618
Nikhil Shinde,54,Male,Bachelors degree,54498
Dipti Bhise,39,Female,Bachelors degree,47640
Ashwini Gokhale,33,Female,Bachelors degree,65854
Snehal Kadam,44,Female,Masters degree,31692
Chaitanya Patil,45,Male,High school or less,48573
Anjali Pawar,25,Female,PhD or equivalent,24579
Anjali Jadhav,46,Female,PhD or equivalent,69952
Ashwini Kadam,42,Female,High school or less,66525
Anjali Phadke,57,Female,Masters degree,30220
Vaishnavi Joshi,48,Female,Some college/Associates degree,38589
Gaurav Deshmukh,33,Male,Some college/Associates degree,36351
Swapnil Salunke,34,Male,Masters degree,62262